#,CATEGORY,API NAME,DESCRIPTION,SAMPLE URL,description_len,desc_len_bin,category_count,category_share
1,Api Directories,APIs.guru,OpenAPI API directory,https://api.apis.guru/v2/list.json,21,med-short,1,1.0
2,Art & Images,Art Institute of Chicago,Artwork from the museum,https://api.artic.edu/api/v1/artworks/search?q=cats,23,med-short,14,0.07142857142857142
3,Art & Images,COLOURlovers,Color trends,https://www.colourlovers.com/api/colors/new?format=json,12,short,14,0.07142857142857142
4,Art & Images,DiceBear,Generate random SVG avatars,https://api.dicebear.com/6.x/pixel-art/svg,27,med-long,14,0.07142857142857142
5,Art & Images,Dogs,Random dog images,https://dog.ceo/api/breeds/image/random,17,short,14,0.07142857142857142
6,Art & Images,HTTP Cats,Cat images for HTTP status codes,https://http.cat/401,32,long,14,0.07142857142857142
7,Art & Images,Lorem Picsum,Placeholder images,https://picsum.photos/200/300,18,short,14,0.07142857142857142
8,Art & Images,Metropolitan Museum of Art,Artwork from the museum,https://collectionapi.metmuseum.org/public/collection/v1/objects/100,23,med-short,14,0.07142857142857142
9,Art & Images,PHP-Noise,Noise background image generator,https://php-noise.com/noise.php?hex=FFFFFF&json,32,long,14,0.07142857142857142
10,Art & Images,Placebear,Pictures of bears for use as placeholders,https://placebear.com/200/300,41,long,14,0.07142857142857142
11,Art & Images,Random Dog,Random dog images,https://random.dog/woof.json,17,short,14,0.07142857142857142
12,Art & Images,RandomFox,Random pictures of foxes,https://randomfox.ca/floof/,24,med-short,14,0.07142857142857142
13,Art & Images,ReSmush,Image compression and optimization,http://api.resmush.it/ws.php?img=http://www.resmush.it/assets/images/jpg_example_original.jpg&qlty=95,34,long,14,0.07142857142857142
14,Art & Images,RoboHash,Generate unique images from text,https://robohash.org/onerobot.png,32,long,14,0.07142857142857142
15,Art & Images,Vadivelu Status Codes,HTTP Codes with images,https://vadivelu.anoram.com/gif/200,22,med-short,14,0.07142857142857142
16,Calendar,Nager.Date,Public holidays,https://date.nager.at/api/v2/publicholidays/2020/US,15,short,2,0.5
17,Calendar,UK Bank Holidays,UK bank holidays,https://www.gov.uk/bank-holidays.json,16,short,2,0.5
18,Content,4chan,4chan's read-only API,https://a.4cdn.org/boards.json,21,med-short,22,0.045454545454545456
19,Content,Anime News Network,Anime/manga encyclopedia,https://cdn.animenewsnetwork.com/encyclopedia/api.xml?title=4658,24,med-short,22,0.045454545454545456
20,Content,Ceska Televize,Czech television program data,https://www.ceskatelevize.cz/services-old/programme/xml/schedule.php?user=test&date=30.01.2024&channel=ct24,29,med-long,22,0.045454545454545456
21,Content,Chronicling America,Historic US newspapers,https://chroniclingamerica.loc.gov/newspapers.json,22,med-short,22,0.045454545454545456
22,Content,Crossref,Scholarly metadata,https://api.crossref.org/journals?query=pharmacy+health,18,short,22,0.045454545454545456
23,Content,Final Space,Television show Final Space,https://finalspaceapi.com/api/v0/episode/,27,med-long,22,0.045454545454545456
24,Content,HackerNews,Hacker News API,https://hacker-news.firebaseio.com/v0/item/8863.json,15,short,22,0.045454545454545456
25,Content,Ice and Fire,Quantified and structured data from the universe of Ice and Fire,https://anapioficeandfire.com/api/characters/581,64,long,22,0.045454545454545456
26,Content,Jikan,Unofficial MyAnimeList API,https://api.jikan.moe/v4/anime?q=naruto,26,med-long,22,0.045454545454545456
27,Content,Listly,Top 10 lists,https://list.ly/api/v4/meta?url=http://google.com,12,short,22,0.045454545454545456
28,Content,MCU-Countdown,When is the next MCU film?,https://www.whenisthenextmcufilm.com/api,26,med-long,22,0.045454545454545456
29,Content,Mediawiki,Wikipedia page content and revisions,https://en.wikipedia.org/w/api.php?action=query&prop=revisions&titles=Pet_door&rvprop=content&format=json,36,long,22,0.045454545454545456
30,Content,Open Library,Books and book-related data,https://openlibrary.org/search.json?q=the+lord+of+the+rings,27,med-long,22,0.045454545454545456
31,Content,Reddit,Public content from Reddit,https://www.reddit.com/r/Wallstreetbets/top.json?limit=10&t=year,26,med-long,22,0.045454545454545456
32,Content,Reddit Stocks,Top stocks from Wallstreetbets,https://tradestie.com/api/v1/apps/reddit,30,med-long,22,0.045454545454545456
33,Content,Rick and Morty,Rick and Morty characters,https://rickandmortyapi.com/api/character/108,25,med-long,22,0.045454545454545456
34,Content,STAPI,Star Trek information,https://stapi.co/api/v2/rest/spacecraft/search,21,med-short,22,0.045454545454545456
35,Content,SWAPI,Star Wars information,https://swapi.dev/api/planets/3/?format=json,21,med-short,22,0.045454545454545456
36,Content,The Rosary,Rosary prayers,https://the-rosary-api.vercel.app/v1/today,14,short,22,0.045454545454545456
37,Content,TVMaze,TV show information,http://api.tvmaze.com/search/shows?q=golden girls,19,med-short,22,0.045454545454545456
38,Content,Wolne Lektury,Search ebooks from wolnelektury.pl,https://wolnelektury.pl/api/authors/edgar-allan-poe/,34,long,22,0.045454545454545456
39,Content,WordPress,Posts from any public WordPress site,https://techcrunch.com/wp-json/wp/v2/posts?per_page=100&context=embed,36,long,22,0.045454545454545456
40,Crypto & Finance,Binance,24 hr crypto data,https://api4.binance.com/api/v3/ticker/24hr,17,short,20,0.05
41,Crypto & Finance,CoinBase,Currency codes and names,https://api.coinbase.com/v2/currencies,24,med-short,20,0.05
42,Crypto & Finance,CoinCap,Real time cryptocurrency prices,https://api.coincap.io/v2/assets,31,med-long,20,0.05
43,Crypto & Finance,CoinDesk,Bitcoin price index,https://api.coindesk.com/v1/bpi/currentprice.json,19,med-short,20,0.05
44,Crypto & Finance,CoinGecko,Cryptocurrency market data,https://api.coingecko.com/api/v3/coins/markets?vs_currency=usd,26,med-long,20,0.05
45,Crypto & Finance,CoinLore,Cryptocurrency market data,https://api.coinlore.net/api/tickers/,26,med-long,20,0.05
46,Crypto & Finance,CoinMap,Crypto ATMs,https://coinmap.org/api/v1/venues/,11,short,20,0.05
47,Crypto & Finance,Coinpaprika,Cryptocurrency data,https://api.coinpaprika.com/v1/coins/btc-bitcoin,19,med-short,20,0.05
48,Crypto & Finance,Currency Rates,Currency exchange rates,https://cdn.jsdelivr.net/npm/@fawazahmed0/currency-api@latest/v1/currencies.json,23,med-short,20,0.05
49,Crypto & Finance,DEX Screener,Blockchain screener,https://api.dexscreener.com/latest/dex/search?q=WBNB%20USDC,19,med-short,20,0.05
50,Crypto & Finance,ExchangeRate-API,Exchange rates,https://open.er-api.com/v6/latest/USD,14,short,20,0.05
51,Crypto & Finance,GeckoTerminal,Crypto data,https://api.geckoterminal.com/api/v2/networks,11,short,20,0.05
52,Crypto & Finance,Gemini,Cryptocurrency market data,https://api.gemini.com/v2/ticker/btcusd,26,med-long,20,0.05
53,Crypto & Finance,Kraken,Crypto data,https://api.kraken.com/0/public/Trades?pair=ltcusd,11,short,20,0.05
54,Crypto & Finance,KuCoin,Crypto data,https://api.kucoin.com/api/v1/market/stats?symbol=BTC-USDT,11,short,20,0.05
55,Crypto & Finance,NBP Web,Currency exchange rates and gold prices,http://api.nbp.pl/api/cenyzlota/last/30/?format=json,39,long,20,0.05
56,Crypto & Finance,Nexchange,Cryptocurrency market data,https://api.n.exchange/en/api/v1/pair/,26,med-long,20,0.05
57,Crypto & Finance,OKX,Cryptocurrency market data,https://www.okx.com/api/v5/market/tickers?instType=SPOT,26,med-long,20,0.05
58,Crypto & Finance,Razorpay IFSC,Indian Financial Systems Codes,https://ifsc.razorpay.com/YESB0DNB002,30,med-long,20,0.05
59,Crypto & Finance,WazirX,Crypto data,https://api.wazirx.com/sapi/v1/tickers/24hr,11,short,20,0.05
60,Developer Tools,Agify,Predict age based on a name,https://api.agify.io?name=bella,27,med-long,21,0.047619047619047616
61,Developer Tools,APIC Agent,"Detect browser, OS, and device from user agent","https://api.apicagent.com/?ua=Mozilla/5.0%20(Macintosh;%20Intel%20Mac%20OS%20X%2010_15_5)%20AppleWebKit/537.36%20(KHTML,%20like%20Gecko)%20Chrome/89.0.4389.114%20Safari/537.36",46,long,21,0.047619047619047616
62,Developer Tools,Arul's Public APIs,Get IP address,https://api.aruljohn.com/ip/json,14,short,21,0.047619047619047616
63,Developer Tools,Cloudflare Trace,"Get IP address, user agent, etc",https://1.1.1.1/cdn-cgi/trace,31,med-long,21,0.047619047619047616
64,Developer Tools,Digital Ocean Status,DigitalOcean status,https://status.digitalocean.com/api/v2/summary.json,19,med-short,21,0.047619047619047616
65,Developer Tools,FilterLists,Lists of filters used by ad blockers,http://filterlists.com/api/directory/lists,36,long,21,0.047619047619047616
66,Developer Tools,Genderize.io,Predict gender based on a name,https://api.genderize.io?name=scott,30,med-long,21,0.047619047619047616
67,Developer Tools,Google Favicons,Google's unofficial favicon fetcher,https://www.google.com/s2/favicons?domain=quora.com&sz=32,35,long,21,0.047619047619047616
68,Developer Tools,goQR,Create and read QR codes,http://api.qrserver.com/v1/create-qr-code/?data=https://mixedanalytics.com&size=100x100,24,med-short,21,0.047619047619047616
69,Developer Tools,HTTPBin,Inspect user agent and headers,http://httpbin.org/get,30,med-long,21,0.047619047619047616
70,Developer Tools,Image-Charts,Chart images,"https://image-charts.com/chart?cht=p3&chs=700x100&chd=t:60,40&chl=Hello|World&chan&chf=ps0-0,lg,45,ffeb3b,0.2,f44336,1|ps0-1,lg,45,8bc34a,0.2,009688,1",12,short,21,0.047619047619047616
71,Developer Tools,IP2Location,Get public IP address,https://api.ip2location.io/,21,med-short,21,0.047619047619047616
72,Developer Tools,IPify,Get public IP address,https://api.ipify.org?format=json,21,med-short,21,0.047619047619047616
73,Developer Tools,is.gd,URL shortener,https://is.gd/create.php?format=simple&url=www.example.com,13,short,21,0.047619047619047616
74,Developer Tools,Microlink,Retrieve metadata and screenshots from any URL,https://api.microlink.io/?url=https://github.com/microlinkhq,46,long,21,0.047619047619047616
75,Developer Tools,Nationalize.io,Predict nationality based on a name,https://api.nationalize.io?name=michael,35,long,21,0.047619047619047616
76,Developer Tools,QuickChart,Generate charts on-the-fly,"https://quickchart.io/chart?c={type:'bar',data:{labels:[2019,2020,2021,2022, 2023],datasets:[{label:'Users',data:[120,60,50,180,120]}]}}",26,med-long,21,0.047619047619047616
77,Developer Tools,Serialif Color,Get colors in different formats,https://color.serialif.com/aquamarine,31,med-long,21,0.047619047619047616
78,Developer Tools,Sixdots,Google playstore analysis,https://storeapi.six-dots.app/last_updated_100,25,med-long,21,0.047619047619047616
79,Developer Tools,Un-Shorten,Unshorten shortened URLs,https://unshorten.me/json/goo.gl/IGL1lE,24,med-short,21,0.047619047619047616
80,Developer Tools,URLhaus,Receive and submit malware URLs,https://urlhaus-api.abuse.ch/v1/urls/recent/limit/3/,31,med-long,21,0.047619047619047616
81,Food & Drink,Cocktail Database,Cocktail recipes,https://www.thecocktaildb.com/api/json/v1/1/search.php?s=margarita,16,short,5,0.2
82,Food & Drink,Open Brewery DB,Breweries,https://api.openbrewerydb.org/breweries,9,short,5,0.2
83,Food & Drink,Open Food Facts,Data on food products,https://world.openfoodfacts.org/api/v0/product/737628064502.json,21,med-short,5,0.2
84,Food & Drink,Spoonacular,Comprehensive food API,https://api.spoonacular.com/recipes/complexSearch,22,med-short,5,0.2
85,Food & Drink,Whisky Hunter,Whisky auctions,https://whiskyhunter.net/api/auctions_data/?format=json,15,short,5,0.2
86,Fun & Games,AmiiboAPI,Nintendo Amiibo database,https://www.amiiboapi.com/api/amiibo/?name=mario,24,med-short,27,0.037037037037037035
87,Fun & Games,Barter,"Digital game libraries, wishlists and tradables",https://barter.vg/browse/cards/json,47,long,27,0.037037037037037035
88,Fun & Games,Board Game Geek,Board games,https://boardgamegeek.com/xmlapi/search?search=frika,11,short,27,0.037037037037037035
89,Fun & Games,CheapShark,Price comparison for digital games,https://www.cheapshark.com/api/1.0/deals?upperPrice=15,34,long,27,0.037037037037037035
90,Fun & Games,Chuck Norris Jokes,Chuck Norris facts,https://api.chucknorris.io/jokes/random,18,short,27,0.037037037037037035
91,Fun & Games,D&D 5th Edition,Official 5th Edition of Dungeons & Dragons,https://www.dnd5eapi.co/api/features,42,long,27,0.037037037037037035
92,Fun & Games,Data Dragon,League of Legends champions API,https://ddragon.leagueoflegends.com/cdn/14.3.1/data/en_US/champion.json,31,med-long,27,0.037037037037037035
93,Fun & Games,Deck of Cards,Simulate a deck of cards,https://deckofcardsapi.com/api/deck/new/shuffle/?deck_count=1,24,med-short,27,0.037037037037037035
94,Fun & Games,Evil Insult Generator,Generate insults,https://evilinsult.com/generate_insult.php?lang=en&type=json,16,short,27,0.037037037037037035
95,Fun & Games,FreeToGame,Free-to-play games,https://www.freetogame.com/api/games?platform=pc,18,short,27,0.037037037037037035
96,Fun & Games,Gamerpower,Free games and giveaways,https://www.gamerpower.com/api/giveaways?platform=steam&type=loot&sort-by=popularity,24,med-short,27,0.037037037037037035
97,Fun & Games,Hyrule Compendium,The Legend of Zelda: BOTW,https://botw-compendium.herokuapp.com/api/v2/entry/white-maned_lynel,25,med-long,27,0.037037037037037035
98,Fun & Games,icanhazdadjoke,Dad jokes,https://icanhazdadjoke.com/,9,short,27,0.037037037037037035
99,Fun & Games,Imgflip,Popular memes,https://api.imgflip.com/get_memes,13,short,27,0.037037037037037035
100,Fun & Games,isEven,Check if a number is even,https://api.isevenapi.xyz/api/iseven/12/,25,med-long,27,0.037037037037037035
101,Fun & Games,JokeAPI,Jokes,https://v2.jokeapi.dev/joke/Any?safe-mode,5,short,27,0.037037037037037035
102,Fun & Games,Magic: The Gathering,Cards and sets from MTG,https://api.magicthegathering.io/v1/sets,23,med-short,27,0.037037037037037035
103,Fun & Games,Official Joke,Jokes,https://official-joke-api.appspot.com/random_joke,5,short,27,0.037037037037037035
104,Fun & Games,Open Trivia DB,Trivia questions,https://opentdb.com/api.php?amount=10&category=17&difficulty=easy,16,short,27,0.037037037037037035
105,Fun & Games,PokéAPI,Pokémon data,https://pokeapi.co/api/v2/pokemon/ditto,12,short,27,0.037037037037037035
106,Fun & Games,Pokémon TCG,Pokémon card data,https://api.pokemontcg.io/v2/cards/xy1-1,17,short,27,0.037037037037037035
107,Fun & Games,RuneScape,Runescape data,https://services.runescape.com/m=itemdb_rs/api/catalogue/items.json?category=9&alpha=c&page=1,14,short,27,0.037037037037037035
108,Fun & Games,Scryfall,Magic: The Gathering card data,https://api.scryfall.com/cards/search?order=cmc&q=c:red%20pow=3,30,med-long,27,0.037037037037037035
109,Fun & Games,TCGdex,Pokémon card data,https://api.tcgdex.net/v2/en/sets,17,short,27,0.037037037037037035
110,Fun & Games,XIVAPI,Final Fantasy XIV,https://xivapi.com/Action/127,17,short,27,0.037037037037037035
111,Fun & Games,xkcd,xkcd comics,http://xkcd.com/info.0.json,11,short,27,0.037037037037037035
112,Fun & Games,Yes or No?,Randomly generate a yes or no image,https://yesno.wtf/api,35,long,27,0.037037037037037035
113,Geo,Adresse,French addresses and geocoding,https://api-adresse.data.gouv.fr/search/?q=8+bd+du+port,30,med-long,16,0.0625
114,Geo,Country.is,Lookup country by IP address,https://api.country.is/9.9.9.9,28,med-long,16,0.0625
115,Geo,Geocode,Forward/reverse geocoding,"https://geocode.xyz/51.50354,-0.12768?geoit=json",25,med-long,16,0.0625
116,Geo,GeoJS,Geolocation by IP address,https://get.geojs.io/v1/ip/geo.json,25,med-long,16,0.0625
117,Geo,geoPlugin,Currency conversion and geolocation data,http://www.geoplugin.net/php.gp,40,long,16,0.0625
118,Geo,GetTheData,UK geo coordinates conversion,https://api.getthedata.com/bng2latlong/529090/179645,29,med-long,16,0.0625
119,Geo,HelloSalut,"Translate ""hello"" by IP address",http://stefanbohacek.com/hellosalut/?mode=auto,31,med-long,16,0.0625
120,Geo,Hong Kong GeoData Store,Hong Kong geo data,https://geodata.gov.hk/gs/api/v1.0.0/locationSearch?q=museums,18,short,16,0.0625
121,Geo,ipapi,Geolocation by IP address,https://ipapi.co/json/,25,med-long,16,0.0625
122,Geo,IPGeo,Geolocation by IP address,https://api.techniknews.net/ipgeo/,25,med-long,16,0.0625
123,Geo,Nominatum,Locations and addresses,https://nominatim.openstreetmap.org/search.php?city=taipei&format=jsonv2,23,med-short,16,0.0625
124,Geo,Open Topo Data,Determine elevation for lat/long,"https://api.opentopodata.org/v1/srtm90m?locations=-43.5,172.5|27.6,1.98&interpolation=cubic",32,long,16,0.0625
125,Geo,Postcodes,UK geo data by postcode,https://api.postcodes.io/postcodes/OX49%205NU,23,med-short,16,0.0625
126,Geo,ViaCEP,Brazil's postal address codes (CEPs),https://viacep.com.br/ws/01001000/json/,36,long,16,0.0625
127,Geo,Zippopotamus,Zip code information for 60 countries,https://api.zippopotam.us/us/90210,37,long,16,0.0625
128,Geo,Ziptastic,US geo data by zipcode,https://ziptasticapi.com/90210,22,med-short,16,0.0625
129,Government,Banco Central Do Brasil,Brazil Central Bank data,https://api.bcb.gov.br/dados/serie/bcdata.sgs.20716/dados/ultimos/10?formato=json,24,med-short,20,0.05
130,Government,Belgian Open Data Initiative,Belgian government open data,https://social.brussels/rest/sector/5/organisations,28,med-long,20,0.05
131,Government,Brasil,Brazil public data,https://brasilapi.com.br/api/feriados/v1/2024,18,short,20,0.05
132,Government,CiviX,Law and bylaw content of British Columbia,https://www.bclaws.gov.bc.ca/civix/search/complete/fullsearch?q=water&s=0&e=20&nFrag=5&lFrag=100,41,long,20,0.05
133,Government,Colorado Information Marketplace,Colorado state open data,https://data.colorado.gov/resource/4ykn-tg5h.json,24,med-short,20,0.05
134,Government,Data USA,US public data,https://datausa.io/api/data?drilldowns=Nation&measures=Population,14,short,20,0.05
135,Government,Data.gov,U.S. government open data,https://data.ny.gov/api/views/d6yy-54nr/rows.xml?accessType=DOWNLOAD,25,med-long,20,0.05
136,Government,Data.gov.au,Australian government open data,https://www.data.act.gov.au/api/views/s4g9-ndv2/rows.json?accessType=DOWNLOAD,31,med-long,20,0.05
137,Government,Dawum,German election polls,https://api.dawum.de/,21,med-short,20,0.05
138,Government,European Commission Taxation and Customs,Europan Comission taxes,https://ec.europa.eu/taxation_customs/vies/rest-api/ms/DE/vat/122268496,23,med-short,20,0.05
139,Government,FBI Wanted,FBI Wanted data,https://api.fbi.gov/wanted/v1/list,15,short,20,0.05
140,Government,Federal Register,Daily journal of the US government,https://www.federalregister.gov/api/v1/documents/2023-05167?publication_date=2023-03-14,34,long,20,0.05
141,Government,Food Standards Agency,UK restaurant hygiene ratings,https://ratings.food.gov.uk/OpenDataFiles/FHRS529en-GB.json,29,med-long,20,0.05
142,Government,NYC Open Data,New York City open data,https://data.cityofnewyork.us/resource/erm2-nwe9.json?unique_key=57056073,23,med-short,20,0.05
143,Government,Open Data DC,Washington DC open data,"https://maps2.dcgis.dc.gov/dcgis/rest/services/DCGIS_DATA/Transportation_TrafficVolume_WebMercator/MapServer/171/query?where=1%3D1&outFields=ROUTEID,FROMMEASURE,TOMEASURE,FROMDATE,TODATE&outSR=4326&f=json",23,med-short,20,0.05
144,Government,"Open Government, Canada",Canadian government open data,https://open.canada.ca/data/api/action/package_show?id=5953da6b-d81b-4a2c-8b27-145892827fb0,29,med-long,20,0.05
145,Government,Represent Civic Information,Canada's elected officials and electoral districts,https://represent.opennorth.ca/representatives/?first_name=Jack,50,long,20,0.05
146,Government,USAspending,U.S. federal government spending data,https://api.usaspending.gov/api/v2/references/toptier_agencies/,37,long,20,0.05
147,Government,USPTO,US Patent and Trademark Office,https://developer.uspto.gov/ipmarketplace-api/search/query?searchText=vehicles,30,med-long,20,0.05
148,Government,World Bank,World Bank open data,http://api.worldbank.org/v2/region?format=json,20,med-short,20,0.05
149,Health,HealthCare.gov,US health insurance data,https://www.healthcare.gov/api/index.json,24,med-short,4,0.25
150,Health,Makeup,Makeup brands and product info,http://makeup-api.herokuapp.com/api/v1/products.json?brand=maybelline,30,med-long,4,0.25
151,Health,NPPES,US health care providers,https://npiregistry.cms.hhs.gov/api/?version=2.1&city=baltimore,24,med-short,4,0.25
152,Health,openFDA,Food & Drug Administration data (US),https://api.fda.gov/food/enforcement.json?limit=10,36,long,4,0.25
153,Inspiration,Advice Slip,Generate random advice,https://api.adviceslip.com/advice/search/love,22,med-short,10,0.1
154,Inspiration,Affirmations,Generate affirmations,https://www.affirmations.dev/,21,med-short,10,0.1
155,Inspiration,Breaking Bad Quotes,Retrieve some quotes of Breaking Bad,https://api.breakingbadquotes.xyz/v1/quotes,36,long,10,0.1
156,Inspiration,Dictum,Inspiring expressions,https://api.fisenko.net/v1/quotes/en?query=string&offset=0&limit=0,21,med-short,10,0.1
157,Inspiration,Game of Thrones Quotes,Retrieve some quotes of Game of Thrones,https://api.gameofthronesquotes.xyz/v1/random,39,long,10,0.1
158,Inspiration,Kanye,Kanye quotes,https://api.kanye.rest/,12,short,10,0.1
159,Inspiration,Quotable,Random quotes,https://api.quotable.io/quotes/random,13,short,10,0.1
160,Inspiration,Quote Garden,Database of 75000 quotes,https://quote-garden.onrender.com/api/v3/quotes,24,med-short,10,0.1
161,Inspiration,Quotes on Design,Quotes about design,https://quotesondesign.com/wp-json/wp/v2/posts/?orderby=rand,19,med-short,10,0.1
162,Inspiration,Ron Swanson Quotes,Ron Swanson quotes API,https://ron-swanson-quotes.herokuapp.com/v2/quotes,22,med-short,10,0.1
163,Jobs,Jobicy,List of remote jobs,https://jobicy.com/api/v2/remote-jobs?count=20&geo=usa&industry=marketing&tag=seo,19,med-short,1,1.0
164,Language,Chinese Character Web,Information about Chinese characters,http://ccdb.hemiola.com/characters/radicals/85?count,36,long,5,0.2
165,Language,Chinese Text Project,Digital library for pre-modern Chinese texts,https://api.ctext.org/getdictionaryheadwords,44,long,5,0.2
166,Language,Datamuse,Query words matching conditions,https://api.datamuse.com/words?ml=ringing+in+the+ears,31,med-long,5,0.2
167,Language,Free Dictionary,Word definitions and phonetics,https://api.dictionaryapi.dev/api/v2/entries/en/digital,30,med-long,5,0.2
168,Language,PurgoMalum,Check content for profanity,https://www.purgomalum.com/service/json?text=this%20is%20some%20test%20input,27,med-long,5,0.2
169,Music,Binary Jazz,Fetch a random genre,https://binaryjazz.us/wp-json/genrenator/v1/genre/5,20,med-short,4,0.25
170,Music,iTunes Search,iTunes content,https://itunes.apple.com/search?term=radiohead,14,short,4,0.25
171,Music,MusicBrainz,Music data,http://musicbrainz.org/ws/2/artist/5b11f4ce-a62d-471e-81fc-a69a8278c7da?fmt=json,10,short,4,0.25
172,Music,Openwhyd,Playlists from various streaming platforms,https://openwhyd.org/hot/electro?format=json,42,long,4,0.25
173,Open Data,Archive.org,Large public digital archive,https://archive.org/metadata/TheAdventuresOfTomSawyer_201303,28,med-long,12,0.08333333333333333
174,Open Data,Carbon Intensity,Carbon intensity of the electricity system in Great Britain,https://api.carbonintensity.org.uk/intensity/date,59,long,12,0.08333333333333333
175,Open Data,Data.Police.UK,UK crime & police data,https://data.police.uk/api/crimes-street/all-crime?lat=52.629729&lng=-1.131592&date=2023-01,22,med-short,12,0.08333333333333333
176,Open Data,Fipe,Brazilian vehicles and prices,https://parallelum.com.br/fipe/api/v1/carros/marcas/59/modelos,29,med-long,12,0.08333333333333333
177,Open Data,House Stock Watcher,US Congress members' stock transactions,https://house-stock-watcher-data.s3-us-west-2.amazonaws.com/data/filemap.xml,39,long,12,0.08333333333333333
178,Open Data,Leadsbox,71 Million business records in 202 countries,https://leadsbox.biz/?query=lawyers+in+germany,44,long,12,0.08333333333333333
179,Open Data,Open Library,Information about books,http://openlibrary.org/api/volumes/brief/isbn/9780525440987.json,23,med-short,12,0.08333333333333333
180,Open Data,PM2.5,PM2.5 environmental data monitoring,https://pm25.lass-net.org/API-1.0.0/project/airbox/latest/,35,long,12,0.08333333333333333
181,Open Data,Universities List,Universities,http://universities.hipolabs.com/search?country=United+Kingdom,12,short,12,0.08333333333333333
182,Open Data,Vehicles,National Highway Traffic Safety Administration's catalog of vehicles specs,https://vpic.nhtsa.dot.gov/api/vehicles/GetVehicleTypesForMake/merc?format=json,74,long,12,0.08333333333333333
183,Open Data,Wayback Machine,Internet archive availability,https://archive.org/wayback/available?url=google.com,29,med-long,12,0.08333333333333333
184,Open Data,Wikipedia,Pageview stats,https://wikimedia.org/api/rest_v1/metrics/pageviews/per-article/en.wikipedia/all-access/all-agents/Tiger_King/daily/20210901/20210930,14,short,12,0.08333333333333333
185,Science,Arcsecond,Worldwide astronomy data,https://api.arcsecond.io/activities/,24,med-short,17,0.058823529411764705
186,Science,arXiv,Research-sharing platform,http://export.arxiv.org/api/query?search_query=all:electron,25,med-long,17,0.058823529411764705
187,Science,Asterank,"Asteroids, minor planets, and other objects",http://www.asterank.com/api/skymorph/search?target=J99TS7A,43,long,17,0.058823529411764705
188,Science,Cat-Facts,Daily cat facts,https://cat-fact.herokuapp.com/facts/random,15,short,17,0.058823529411764705
189,Science,CelesTrak,General perturbations orbital data,https://celestrak.org/NORAD/elements/gp.php?INTDES=2023-015&FORMAT=JSON-PRETTY,34,long,17,0.058823529411764705
190,Science,GBIF,Global Biodiversity Information Facility,"https://api.gbif.org/v1/occurrence/search?year=1800,1899",40,long,17,0.058823529411764705
191,Science,iDigBio,Digitized data for millions of biological specimens,"https://search.idigbio.org/v2/search/records/?rq={""data.dwc:dynamicProperties"":""nsf_tcn""}&limit=1",51,long,17,0.058823529411764705
192,Science,ITIS,Integrated Taxonomic Information System,https://www.itis.gov/ITISWebService/services/ITISService/searchByCommonName?srchKey=ferret-badger,39,long,17,0.058823529411764705
193,Science,NASA,National Aeronautics and Space Administration,https://api.nasa.gov/neo/rest/v1/neo/browse?api_key=DEMO_KEY,45,long,17,0.058823529411764705
194,Science,Newton,Advanced math,https://newton.now.sh/api/v2/factor/x^2-1,13,short,17,0.058823529411764705
195,Science,Numbers,Facts about numbers,http://numbersapi.com/random/math,19,med-short,17,0.058823529411764705
196,Science,Open Notify,ISS location and people in space,http://api.open-notify.org/astros.json,32,long,17,0.058823529411764705
197,Science,Spaceflight News,Spaceflight related news,https://api.spaceflightnewsapi.net/v3/articles,24,med-short,17,0.058823529411764705
198,Science,SpaceX,Launch and rocket data,https://api.spacexdata.com/v5/launches/latest,22,med-short,17,0.058823529411764705
199,Science,SunriseSunset,Sunrise and sunset times,https://api.sunrisesunset.io/json?lat=38.907192&lng=-77.036873&timezone=UTC&date=today,24,med-short,17,0.058823529411764705
200,Science,TheSpaceDevs,"Rocket launches, space events and crewed spaceflight",https://ll.thespacedevs.com/2.2.0/agencies/?limit=10,52,long,17,0.058823529411764705
201,Science,USGS Earthquake Catalog,Latest earthquakes,https://earthquake.usgs.gov/fdsnws/event/1/query?format=geojson&starttime=2023-03-01&endtime=2023-03-02&minmagnitude=5,18,short,17,0.058823529411764705
202,Sports,CityBikes,Bike sharing networks,http://api.citybik.es/v2/networks,21,med-short,4,0.25
203,Sports,Ergast F1,Motor racing data,http://ergast.com/api/f1/drivers.json,17,short,4,0.25
204,Sports,Football-Data,Football (soccer) competitions and data,http://api.football-data.org/v4/competitions/,39,long,4,0.25
205,Sports,nhlapi,NHL data,https://api-web.nhle.com/v1/standings-season,8,short,4,0.25
206,Test Data,Bacon Ipsum,Generate fake data for testing,https://baconipsum.com/api/?type=meat-and-filler,30,med-long,9,0.1111111111111111
207,Test Data,Faker,Generate fake data,https://fakerapi.it/api/v1/credit_cards?_quantity=2,18,short,9,0.1111111111111111
208,Test Data,JSONPlaceholder,Fake REST API for testing,https://jsonplaceholder.typicode.com/posts/1,25,med-long,9,0.1111111111111111
209,Test Data,Loripsum,Generate fake placeholder text,https://loripsum.net/api/10/short/headers,30,med-long,9,0.1111111111111111
210,Test Data,RandomUser,Fake user data generator,https://randomuser.me/api/,24,med-short,9,0.1111111111111111
211,Test Data,Reqres,Test against a real API,https://reqres.in/api/users?page=1,23,med-short,9,0.1111111111111111
212,Test Data,REST,Rest API for testing,https://api.restful-api.dev/objects,20,med-short,9,0.1111111111111111
213,Test Data,Softwium,Dummy JSON data for a variety of categories,https://softwium.com/api/books,43,long,9,0.1111111111111111
214,Test Data,UUID Generator,Generate UUIDs and GUIDs,https://www.uuidtools.com/api/generate/v1/count/3,24,med-short,9,0.1111111111111111
215,Transportation,Derhuerst,Public transport for Berlin & Brandenburg,https://v6.vbb.transport.rest/locations?query=berlin,41,long,4,0.25
216,Transportation,iRail,Belgian railways,https://api.irail.be/vehicle/?id=BE.NMBS.IC1832&format=json&lang=en&alerts=false,16,short,4,0.25
217,Transportation,MBTA,Public transport for Boston,https://api-v3.mbta.com/route_patterns?filter[route]=CR-Providence&include=representative_trip&fields[trip]=headsign,27,med-long,4,0.25
218,Transportation,Metro Lisboa,Subway line status,https://app.metrolisboa.pt/status/getLinhas.php,18,short,4,0.25
219,Weather,7Timer!,Weather forecasts for astronomy,http://www.7timer.info/bin/api.pl?lon=113.17&lat=23.09&product=astro&output=json,31,med-long,6,0.16666666666666666
220,Weather,Aviation Weather Center,Aviation Digital Data Service (ADDS) data,https://aviationweather.gov/api/data/airport?ids=KMCI,41,long,6,0.16666666666666666
221,Weather,Open-Meteo,Open source weather API,"https://api.open-meteo.com/v1/forecast?latitude=52.52&longitude=13.41&daily=temperature_2m_max,temperature_2m_min",23,med-short,6,0.16666666666666666
222,Weather,openSenseMap,Personal senseBox (weather station) data,https://api.opensensemap.org/boxes/57000b8745fd40c8196ad04c?format=json,40,long,6,0.16666666666666666
223,Weather,SG Weather,Realtime weather readings for Singapore,https://api.data.gov.sg/v1/environment/air-temperature,39,long,6,0.16666666666666666
224,Weather,wttr,Console-oriented weather forecast service,wttr.in/London?format=3,41,long,6,0.16666666666666666
